Bruno_Larson@msn.com,5
Bruno_Larson@msn.com,3
Tom_Chrysler@gmail.com,19
Tom_Chrysler@gmail.com,18
Tom_Chrysler@gmail.com,5
Tom_Chrysler@gmail.com,4
Betty_Chrysler@yahoo.com,21
Roger_Lomet@msn.com,10
Roger_Lomet@msn.com,11
Sam_Peterson@hotmail.com,8
Sam_Peterson@hotmail.com,14
Sam_Peterson@hotmail.com,5
Sam_Peterson@hotmail.com,11
Christy_Li@msn.com,6
Christy_Li@msn.com,19
Christy_Li@msn.com,15
Albert_Carey@msn.com,22
Bruno_Keit@gmail.com,17
Bruno_Keit@gmail.com,11
Bruno_Keit@gmail.com,8
Kitty_Toddbridge@msn.com,18
Kitty_Toddbridge@msn.com,5
Kitty_Toddbridge@msn.com,24
Kitty_Toddbridge@msn.com,2
Denny_Karipova@yahoo.com,6
Denny_Karipova@yahoo.com,21
Albert_Karipova@gmail.com,14
Albert_Karipova@gmail.com,19
Alex_Keit@gmail.com,22
Alex_Keit@gmail.com,9
Alex_Keit@gmail.com,15
Alex_Keit@gmail.com,11
George_Smith@hotmail.com,3
George_Smith@hotmail.com,10
Monica_Keit@yahoo.com,3
Monica_Keit@yahoo.com,14
Nadir_Toddbridge@hotmail.com,5
Peter_Karipova@hotmail.com,14
Mandy_Smith@gmail.com,10
Mandy_Smith@gmail.com,12
Mandy_Smith@gmail.com,26
Jeremy_Parker@msn.com,22
Jeremy_Parker@msn.com,25
Jeremy_Parker@msn.com,11
John_Parker@yahoo.com,16
John_Parker@yahoo.com,20
John_Parker@yahoo.com,12
John_Parker@yahoo.com,25
Sarena_Carey@hotmail.com,27
Sarena_Carey@hotmail.com,25
Sarena_Carey@hotmail.com,23
Gina_Toddbridge@msn.com,19
Gina_Toddbridge@msn.com,7
Gina_Toddbridge@msn.com,10
Roger_Carey@msn.com,28
Roger_Carey@msn.com,11
Roger_Carey@msn.com,25
Albert_Li@gmail.com,19
Albert_Li@gmail.com,10
Albert_Li@gmail.com,7
Tom_Carey@msn.com,15
Betty_Lomet@yahoo.com,28
Sarena_DSouza@msn.com,10
Sarena_DSouza@msn.com,18
Nadir_Karipova@msn.com,16
Nadir_Karipova@msn.com,14
Nadir_Karipova@msn.com,11
Nadir_Wood@msn.com,19
Nadir_Wood@msn.com,6
Nadir_Wood@msn.com,2
Nadir_Li@gmail.com,22
David_Parker@msn.com,23
David_Parker@msn.com,9
Alex_Wood@yahoo.com,10
Alex_Wood@yahoo.com,3
Alex_Wood@yahoo.com,22
Mike_Keit@hotmail.com,24
Mike_Keit@hotmail.com,9
Charles_Chrysler@yahoo.com,13
Charles_Chrysler@yahoo.com,2
Tom_Wood@msn.com,18
Tom_Wood@msn.com,9
Tom_Wood@msn.com,17
Tom_Wood@msn.com,21
Bruno_Lomet@gmail.com,10
Bruno_Lomet@gmail.com,15
Bruno_Lomet@gmail.com,18
Bruno_Lomet@gmail.com,22
George_Parker@hotmail.com,17
George_Parker@hotmail.com,8
George_Parker@hotmail.com,4
Denny_Toddbridge@hotmail.com,17
Denny_Toddbridge@hotmail.com,6
Denny_Toddbridge@hotmail.com,14
Albert_Smith@msn.com,9
Albert_Smith@msn.com,16
Albert_Smith@msn.com,24
Albert_Smith@msn.com,7
George_Lomet@msn.com,6
George_Lomet@msn.com,17
George_Lomet@msn.com,3
George_Lomet@msn.com,27
Bruno_Karipova@yahoo.com,19
Bruno_Karipova@yahoo.com,4
Bruno_Karipova@yahoo.com,14
Bruno_Karipova@yahoo.com,6
Charles_Parker@msn.com,20
Gina_Smith@msn.com,27
Gina_Smith@msn.com,11
Gina_Smith@msn.com,15
Gina_Smith@msn.com,6
Bruno_Smith@msn.com,4
Bruno_Smith@msn.com,17
Bruno_Smith@msn.com,8
Bruno_Smith@msn.com,18
Emma_Smith@hotmail.com,23
Emma_Smith@hotmail.com,28
Emma_Smith@hotmail.com,20
Emma_Smith@hotmail.com,7
Bruno_Li@msn.com,6
George_Goldstein@gmail.com,1
Gina_Helibron@gmail.com,25
Gina_Helibron@gmail.com,15
Gina_Helibron@gmail.com,1
Gina_Helibron@gmail.com,10
Charles_DSouza@gmail.com,21
Charles_DSouza@gmail.com,26
Erie_DSouza@hotmail.com,1
Gina_Parker@hotmail.com,17
Gina_Parker@hotmail.com,14
Elena_DSouza@gmail.com,3
Elena_DSouza@gmail.com,2
Elena_DSouza@gmail.com,11
Bruno_Parker@hotmail.com,25
Sarena_Li@gmail.com,11
Mary_Smith@gmail.com,27
Mary_Smith@gmail.com,19
Mary_Smith@gmail.com,4
Gabriela_Li@hotmail.com,14
Gabriela_Li@hotmail.com,16
Gabriela_Li@hotmail.com,24
Kitty_Helibron@hotmail.com,13
Kitty_Helibron@hotmail.com,20
Christy_Helibron@hotmail.com,15
Christy_Helibron@hotmail.com,26
Christy_Helibron@hotmail.com,7
Nadir_Helibron@gmail.com,1
Nadir_Helibron@gmail.com,20
Nadir_Helibron@gmail.com,26
Charles_Peterson@msn.com,28
Charles_Karipova@msn.com,4
Roger_DSouza@yahoo.com,25
Roger_DSouza@yahoo.com,14
Roger_DSouza@yahoo.com,4
Roger_DSouza@yahoo.com,13
Celina_Toddbridge@gmail.com,23
Celina_Toddbridge@gmail.com,26
Sam_Goldstein@yahoo.com,11
Sam_Goldstein@yahoo.com,15
Gina_Carey@gmail.com,28
Gina_Carey@gmail.com,18
Gina_Carey@gmail.com,8
Denny_Larson@yahoo.com,15
Denny_Larson@yahoo.com,14
Emma_Parker@hotmail.com,16
Albert_Helibron@yahoo.com,26
Albert_Helibron@yahoo.com,7
Albert_Helibron@yahoo.com,21
Emma_DSouza@msn.com,28
John_Wood@yahoo.com,20
John_Wood@yahoo.com,19
Jeremy_Carey@msn.com,27
Jeremy_Carey@msn.com,19
Peter_Keit@msn.com,26
Peter_Keit@msn.com,12
Peter_Keit@msn.com,4
Peter_Keit@msn.com,15
Celina_Parker@gmail.com,9
Celina_Parker@gmail.com,19
Celina_Parker@gmail.com,27
John_Chrysler@hotmail.com,26
John_Chrysler@hotmail.com,20
Betty_Wood@yahoo.com,6
Betty_Wood@yahoo.com,11
Betty_Wood@yahoo.com,20
Betty_Wood@yahoo.com,9
Gina_Larson@msn.com,6
Gina_Larson@msn.com,1
Gina_Larson@msn.com,4
Sam_DSouza@msn.com,12
Sam_DSouza@msn.com,21
Sam_DSouza@msn.com,24
Roger_Larson@yahoo.com,20
Roger_Larson@yahoo.com,5
Roger_Larson@yahoo.com,23
Denny_Goldstein@msn.com,7
Denny_Goldstein@msn.com,19
Mandy_Wood@msn.com,22
Mandy_Wood@msn.com,4
Mandy_Wood@msn.com,12
Mandy_Wood@msn.com,2
Denny_Keit@yahoo.com,10
Denny_Keit@yahoo.com,5
Denny_Keit@yahoo.com,4
Sam_Larson@yahoo.com,20
Sam_Larson@yahoo.com,25
Erie_Karipova@msn.com,11
Alex_Carey@gmail.com,18
Alex_Carey@gmail.com,4
Alex_Carey@gmail.com,24
Alex_Carey@gmail.com,20
